{"cameraMode":{"drawMode":0,"name":"Shaded","section":"Shading Mode"},"sceneLighting":false,"audioPlay":false,"sceneViewState":{"showFog":true,"showMaterialUpdate":false,"showSkybox":false,"showFlares":true,"showImageEffects":true,"showParticleSystems":true},"in2DMode":false,"pivot":{"x":49.79999923706055,"y":0.3999999761581421,"z":24.399999618530275},"rotation":{"x":0.6016601324081421,"y":-0.007432223297655582,"z":0.00559844309464097,"w":0.7986997961997986},"size":84.31165313720703,"orthographic":false}